<?xml version="1.0" encoding="UTF-8"?><MD_Metadata xmlns:gts="http://www.isotc211.org/2005/gts" xmlns:gco="http://www.isotc211.org/2005/gco" xmlns:xalan="http://xml.apache.org/xalan" xmlns:srv="http://www.isotc211.org/2005/srv" xmlns:gmx="http://www.isotc211.org/2005/gmx" xmlns:xlink="http://www.w3.org/1999/xlink" xmlns:xsi="http://www.w3.org/2001/XMLSchema-instance" xmlns:gml="http://www.opengis.net/gml" xmlns="http://www.isotc211.org/2005/gmd">
    <fileIdentifier>
        <gco:CharacterString>1676400485328r17819827337322103</gco:CharacterString>
    </fileIdentifier>
    <characterSet>
        <MD_CharacterSetCode codeList="http://www.isotc211.org/2005/resources/Codelist/gmxCodelists.xml#MD_CharacterSetCode" codeListValue="utf8" codeSpace="ISOTC211/19115">utf8</MD_CharacterSetCode>
    </characterSet>
    <hierarchyLevel>
        <MD_ScopeCode codeList="http://www.isotc211.org/2005/resources/Codelist/gmxCodelists.xml#MD_ScopeCode" codeListValue="dataset" codeSpace="ISOTC211/19115">dataset</MD_ScopeCode>
    </hierarchyLevel>
    <hierarchyLevelName>
        <gco:CharacterString>dataset</gco:CharacterString>
    </hierarchyLevelName>
    <contact>
        <CI_ResponsibleParty>
            <role>
                <CI_RoleCode codeList="http://www.isotc211.org/2005/resources/Codelist/gmxCodelists.xml#CI_RoleCode" codeListValue="pointOfContact" codeSpace="ISOTC211/19115">pointOfContact</CI_RoleCode>
            </role>
        </CI_ResponsibleParty>
    </contact>
    <dateStamp>
        <gco:Date>2023-02-14</gco:Date>
    </dateStamp>
    <metadataStandardName>
        <gco:CharacterString>ISO 19139 Geographic Information - Metadata - Implementation Specification</gco:CharacterString>
    </metadataStandardName>
    <metadataStandardVersion>
        <gco:CharacterString>2007</gco:CharacterString>
    </metadataStandardVersion>
    <identificationInfo>
        <MD_DataIdentification>
            <citation>
                <CI_Citation>
                    <title>
                        <gco:CharacterString>Hospitals</gco:CharacterString>
                    </title>
                    <date gco:nilReason="missing"/>
                </CI_Citation>
            </citation>
            <abstract>
                <gco:CharacterString>This feature class/shapefile contains locations of Hospitals for 50 US states, Washington D.C., US territories of Puerto Rico, Guam, American Samoa, Northern Mariana Islands, Palau, and Virgin Islands. The dataset only includes hospital facilities based on data acquired from various state departments or federal sources which has been referenced in the SOURCE field. Hospital facilities which do not occur in these sources will be not present in the database. The source data was available in a variety of formats (pdfs, tables, webpages, etc.) which was cleaned and geocoded and then converted into a spatial database. The database does not contain nursing homes or health centers. Hospitals have been categorized into children, chronic disease, critical access, general acute care, long term care, military, psychiatric, rehabilitation, special, and women based on the range of the available values from the various sources after removing similarities.In this version any information contained in ADDRESS2 field found in earlier versions of this dataset has been merged with the ADDRESS field and the ADDRESS2 field has been deleted.In this update 75 additional records were added and the TRAUMA field was populated for 574 additional hospitals.</gco:CharacterString>
            </abstract>
            <purpose>
                <gco:CharacterString>Add to Favorites&#13;
This feature class/shapefile contains Hospitals derived from various sources (refer SOURCE field) for the Homeland Infrastructure Foundation-Level Data (HIFLD) database. https://gii.dhs.gov/HIFLD&#13;
 ‎Feature layer by HostedByHIFLD</gco:CharacterString>
            </purpose>
            <credit>
                <gco:CharacterString>OakRidgeNationalLaboratory</gco:CharacterString>
            </credit>
            <descriptiveKeywords>
                <MD_Keywords>
                    <keyword>
                        <gco:CharacterString>HIFLD</gco:CharacterString>
                    </keyword>
                    <keyword>
                        <gco:CharacterString>HIFLD Open</gco:CharacterString>
                    </keyword>
                    <keyword>
                        <gco:CharacterString>Health</gco:CharacterString>
                    </keyword>
                    <keyword>
                        <gco:CharacterString>Hospitals</gco:CharacterString>
                    </keyword>
                    <keyword>
                        <gco:CharacterString>Alaska</gco:CharacterString>
                    </keyword>
                    <keyword>
                        <gco:CharacterString>homeland security</gco:CharacterString>
                    </keyword>
                    <keyword>
                        <gco:CharacterString>emergency response</gco:CharacterString>
                    </keyword>
                    <keyword>
                        <gco:CharacterString>Continental United States</gco:CharacterString>
                    </keyword>
                    <keyword>
                        <gco:CharacterString>Puerto Rico</gco:CharacterString>
                    </keyword>
                    <keyword>
                        <gco:CharacterString>status</gco:CharacterString>
                    </keyword>
                    <keyword>
                        <gco:CharacterString>Guam</gco:CharacterString>
                    </keyword>
                    <keyword>
                        <gco:CharacterString>Hawaii</gco:CharacterString>
                    </keyword>
                    <keyword>
                        <gco:CharacterString>specialty hospitals</gco:CharacterString>
                    </keyword>
                    <keyword>
                        <gco:CharacterString>USA</gco:CharacterString>
                    </keyword>
                    <keyword>
                        <gco:CharacterString>name</gco:CharacterString>
                    </keyword>
                    <keyword>
                        <gco:CharacterString>homeland defense</gco:CharacterString>
                    </keyword>
                    <keyword>
                        <gco:CharacterString>type</gco:CharacterString>
                    </keyword>
                    <keyword>
                        <gco:CharacterString>helipad</gco:CharacterString>
                    </keyword>
                    <keyword>
                        <gco:CharacterString>population</gco:CharacterString>
                    </keyword>
                    <keyword>
                        <gco:CharacterString>Northern Mariana Islands</gco:CharacterString>
                    </keyword>
                    <keyword>
                        <gco:CharacterString>Palau</gco:CharacterString>
                    </keyword>
                    <keyword>
                        <gco:CharacterString>trauma</gco:CharacterString>
                    </keyword>
                    <keyword>
                        <gco:CharacterString>children hospitals</gco:CharacterString>
                    </keyword>
                    <keyword>
                        <gco:CharacterString>hospitals</gco:CharacterString>
                    </keyword>
                    <keyword>
                        <gco:CharacterString>Virgin Islands</gco:CharacterString>
                    </keyword>
                    <keyword>
                        <gco:CharacterString>District of Columbia</gco:CharacterString>
                    </keyword>
                    <keyword>
                        <gco:CharacterString>facility characteristics</gco:CharacterString>
                    </keyword>
                    <keyword>
                        <gco:CharacterString>address</gco:CharacterString>
                    </keyword>
                    <keyword>
                        <gco:CharacterString>American Samoa</gco:CharacterString>
                    </keyword>
                </MD_Keywords>
            </descriptiveKeywords>
            <resourceConstraints>
                <MD_Constraints>
                    <useLimitation>
                        <gco:CharacterString>None (Public Use). Users are advised to read the data set's metadata thoroughly to understand appropriate use and data limitations.</gco:CharacterString>
                    </useLimitation>
                </MD_Constraints>
            </resourceConstraints>
            <resourceConstraints>
                <MD_LegalConstraints>
                    <accessConstraints>
                        <MD_RestrictionCode codeList="http://www.isotc211.org/2005/resources/Codelist/gmxCodelists.xml#MD_RestrictionCode" codeListValue="otherRestrictions" codeSpace="ISOTC211/19115">otherRestrictions</MD_RestrictionCode>
                    </accessConstraints>
                    <otherConstraints>
                        <gco:CharacterString>Other Constraints</gco:CharacterString>
                    </otherConstraints>
                </MD_LegalConstraints>
            </resourceConstraints>
            <resourceConstraints>
                <MD_LegalConstraints>
                    <useConstraints>
                        <MD_RestrictionCode codeList="http://www.isotc211.org/2005/resources/Codelist/gmxCodelists.xml#MD_RestrictionCode" codeListValue="otherRestrictions" codeSpace="ISOTC211/19115">otherRestrictions</MD_RestrictionCode>
                    </useConstraints>
                    <otherConstraints>
                        <gco:CharacterString>Other Constraints</gco:CharacterString>
                    </otherConstraints>
                </MD_LegalConstraints>
            </resourceConstraints>
            <language gco:nilReason="missing"/>
            <characterSet>
                <MD_CharacterSetCode codeList="http://www.isotc211.org/2005/resources/Codelist/gmxCodelists.xml#MD_CharacterSetCode" codeListValue="utf8" codeSpace="ISOTC211/19115">utf8</MD_CharacterSetCode>
            </characterSet>
            <extent>
                <EX_Extent>
                    <geographicElement>
                        <EX_GeographicBoundingBox>
                            <westBoundLongitude>
                                <gco:Decimal>-178.62060356499128</gco:Decimal>
                            </westBoundLongitude>
                            <eastBoundLongitude>
                                <gco:Decimal>-53.16761918999995</gco:Decimal>
                            </eastBoundLongitude>
                            <southBoundLatitude>
                                <gco:Decimal>24.03806879511497</gco:Decimal>
                            </southBoundLatitude>
                            <northBoundLatitude>
                                <gco:Decimal>72.32552945563117</gco:Decimal>
                            </northBoundLatitude>
                        </EX_GeographicBoundingBox>
                    </geographicElement>
                </EX_Extent>
            </extent>
        </MD_DataIdentification>
    </identificationInfo>
</MD_Metadata>
